dt_referencia;no_indexador;no_indice;nu_indice;ret_dia_perc;ret_mes_perc;ret_ano_perc;ret_12_meses_perc;vol_aa_perc;taxa_juros_aa_perc_compra_d1;taxa_juros_aa_perc_venda_d0
2016-12-07;IPCA;IDkA IPCA 5A;4.391,505533;0,2815;-0,3179;18,3100;20,8387;9,0439;6,3296;6,2781
2016-12-07;IPCA;IDkA IPCA 15A;5.099,651311;0,9782;-1,9000;32,5426;30,9875;22,3526;6,2508;6,1846
2016-12-07;PREFIXADO;IDkA Pré 1A;3.643,801361;0,0722;0,3605;15,4995;16,4914;1,3023;11,9857;11,9551
2016-12-07;IPCA;IDkA IPCA 2A;4.286,989102;0,0889;0,5040;14,3268;15,8261;3,5235;6,0346;6,0076
2016-12-07;PREFIXADO;IDkA Pré 2A;3.970,221388;0,1393;0,2677;21,7336;22,0354;4,9051;11,6541;11,6007
2016-12-07;IPCA;IDkA IPCA 3A;4.387,391328;0,1474;0,2325;15,6957;17,6481;5,6640;6,2167;6,1782
2016-12-07;PREFIXADO;IDkA Pré 5A;4.344,643471;0,5045;-0,6405;37,1053;33,5234;15,9229;12,0770;11,9743
2016-12-07;IPCA;IDkA IPCA 10A;4.535,957641;0,6270;-1,1722;25,6534;26,5974;15,8365;6,2822;6,2199
2016-12-07;IPCA;IDkA IPCA 30A;8.266,067535;2,0366;-4,0473;53,0870;44,2334;41,9162;6,2189;6,1489
2016-12-07;IPCA;IDkA IPCA 20A;5.942,750776;1,3297;-2,6202;39,2277;35,2857;28,8793;6,2348;6,1667
2016-12-07;PREFIXADO;IDkA Pré 3M;3.285,374512;0,0547;0,2539;13,0493;14,0869;0,1170;13,4210;13,3991
2016-12-07;PREFIXADO;IDkA Pré 3A;4.127,213874;0,2518;-0,0190;27,3622;26,4663;8,7540;11,8228;11,7455
2016-12-08;IPCA;IDkA IPCA 30A;8.526,842847;3,1548;-1,0202;57,9166;49,2324;43,8449;6,1489;6,0404
2016-12-08;IPCA;IDkA IPCA 10A;4.580,594449;0,9841;-0,1996;26,8900;27,9153;16,3125;6,2198;6,1199
2016-12-08;IPCA;IDkA IPCA 15A;5.177,211243;1,5209;-0,4080;34,5585;33,1383;23,1876;6,1845;6,0804
2016-12-08;IPCA;IDkA IPCA 5A;4.412,159747;0,4703;0,1509;18,8665;21,3730;9,2113;6,2781;6,1866
2016-12-08;IPCA;IDkA IPCA 20A;6.065,325077;2,0626;-0,6117;42,0994;38,3261;30,0771;6,1667;6,0604
2016-12-08;IPCA;IDkA IPCA 3A;4.397,849706;0,2384;0,4715;15,9715;17,8392;5,7167;6,1787;6,1080
2016-12-08;PREFIXADO;IDkA Pré 3A;4.145,260474;0,4373;0,4182;27,9191;26,9443;8,8743;11,7462;11,6000
2016-12-08;PREFIXADO;IDkA Pré 2A;3.977,853913;0,1922;0,4604;21,9677;22,2133;4,9288;11,6010;11,5180
2016-12-08;PREFIXADO;IDkA Pré 1A;3.645,933573;0,0585;0,4192;15,5671;16,5121;1,2974;11,9506;11,9352
2016-12-08;PREFIXADO;IDkA Pré 3M;3.287,121066;0,0532;0,3072;13,1094;14,0934;0,1165;13,3913;13,3762
2016-12-08;IPCA;IDkA IPCA 2A;4.291,158649;0,0973;0,6017;14,4380;15,8280;3,5291;6,0084;5,9769
2016-12-08;PREFIXADO;IDkA Pré 5A;4.387,785424;0,9930;0,3461;38,4667;34,6990;16,2988;11,9746;11,7634
2016-12-13;PREFIXADO;IDkA Pré 5A;4.369,229074;-0,1466;-0,0783;37,8811;35,0916;14,2343;11,8459;11,8887
2016-12-13;PREFIXADO;IDkA Pré 3A;4.145,850627;-0,0635;0,4325;27,9373;27,5684;7,8980;11,6051;11,6450
2016-12-13;PREFIXADO;IDkA Pré 1A;3.653,146438;0,0326;0,6179;15,7957;16,7406;1,2253;11,8368;11,8501
2016-12-13;IPCA;IDkA IPCA 30A;8.824,112611;1,6907;2,4305;63,4220;54,0625;37,2760;5,9772;5,9191
2016-12-13;PREFIXADO;IDkA Pré 2A;3.984,315669;-0,0178;0,6236;22,1658;22,7484;4,5446;11,4660;11,5000
2016-12-13;IPCA;IDkA IPCA 2A;4.285,041187;-0,0217;0,4583;14,2748;15,6547;3,2654;6,0242;6,0526
2016-12-13;IPCA;IDkA IPCA 3A;4.386,791862;-0,0201;0,2188;15,6799;17,6001;5,2232;6,1792;6,1978
2016-12-13;PREFIXADO;IDkA Pré 3M;3.292,560228;0,0508;0,4731;13,2965;14,1046;0,1015;13,2817;13,2756
2016-12-13;IPCA;IDkA IPCA 10A;4.591,721913;0,2198;0,0428;27,1982;28,4709;13,5979;6,1136;6,0937
2016-12-13;IPCA;IDkA IPCA 15A;5.230,855604;0,5809;0,6239;35,9527;34,7489;19,3629;6,0458;6,0071
2016-12-13;IPCA;IDkA IPCA 20A;6.177,470749;0,9493;1,2260;44,7268;40,9521;25,2899;6,0115;5,9631
2016-12-13;IPCA;IDkA IPCA 5A;4.397,914041;-0,0210;-0,1725;18,4827;21,0375;8,0646;6,2436;6,2550
2017-02-23;IPCA;IDkA IPCA 30A;11.515,630126;1,7988;14,4486;20,0049;117,8224;12,5409;5,1137;5,0525
2017-02-23;IPCA;IDkA IPCA 10A;5.072,231904;0,8406;4,9598;7,1651;34,2150;6,4341;5,3314;5,2471
2017-02-23;IPCA;IDkA IPCA 5A;4.667,301123;0,5643;2,6520;4,1102;19,5510;4,3104;5,5293;5,4184
2017-02-23;IPCA;IDkA IPCA 20A;7.414,669055;1,3190;9,6042;13,3932;69,3554;10,0183;5,1690;5,1020
2017-02-23;IPCA;IDkA IPCA 3A;4.572,846395;0,3910;1,7247;2,9182;14,4717;2,3536;5,5697;5,4455
2017-02-23;IPCA;IDkA IPCA 15A;6.022,956250;1,0814;7,2686;10,2494;50,6410;8,0688;5,2243;5,1514
2017-02-23;PREFIXADO;IDkA Pré 5A;4.840,081753;0,6713;3,8806;7,6933;42,8460;4,8881;10,2451;10,1061
2017-02-23;PREFIXADO;IDkA Pré 3A;4.437,088487;0,4652;2,3262;5,1188;29,0417;2,5925;10,0982;9,9418
2017-02-23;IPCA;IDkA IPCA 2A;4.420,535680;0,2720;1,2211;2,3217;12,3259;1,3452;5,5903;5,4666
2017-02-23;PREFIXADO;IDkA Pré 2A;4.192,917381;0,3437;1,6998;3,8859;22,0828;1,5601;10,0016;9,8335
2017-02-23;PREFIXADO;IDkA Pré 1A;3.783,904546;0,1651;1,2071;2,7295;15,7760;0,5293;10,2538;10,1142
2017-02-23;PREFIXADO;IDkA Pré 3M;3.381,347345;0,0485;0,8435;2,0049;14,1141;0,0428;11,7153;11,6947
2017-02-24;IPCA;IDkA IPCA 30A;11.412,664093;-0,8941;13,4253;18,9319;113,1794;13,0910;5,0525;5,0855
2017-02-24;PREFIXADO;IDkA Pré 2A;4.190,776136;-0,0511;1,6479;3,8329;21,7755;1,5234;9,8337;9,8823
2017-02-24;PREFIXADO;IDkA Pré 3M;3.382,801849;0,0430;0,8869;2,0488;14,1000;0,0460;11,6820;11,6858
2017-02-24;PREFIXADO;IDkA Pré 3A;4.430,482256;-0,1489;2,1738;4,9623;28,4383;2,5137;9,9423;10,0108
2017-02-24;PREFIXADO;IDkA Pré 1A;3.784,974396;0,0283;1,2357;2,7585;15,7057;0,5245;10,1104;10,1214
2017-02-24;IPCA;IDkA IPCA 20A;7.378,676933;-0,4854;9,0722;12,8428;67,5483;9,2305;5,1020;5,1299
2017-02-24;IPCA;IDkA IPCA 15A;6.006,153133;-0,2790;6,9693;9,9419;49,4974;7,6152;5,1514;5,1741
2017-02-24;IPCA;IDkA IPCA 2A;4.426,207908;0,1283;1,3510;2,4530;12,4407;1,3106;5,4663;5,4226
2017-02-24;PREFIXADO;IDkA Pré 5A;4.823,343561;-0,3458;3,5214;7,3208;41,6808;4,8501;10,1063;10,1911
2017-02-24;IPCA;IDkA IPCA 3A;4.578,240696;0,1180;1,8447;3,0396;14,3902;2,2791;5,4455;5,4200
2017-02-24;IPCA;IDkA IPCA 10A;5.068,189547;-0,0797;4,8761;7,0797;33,4822;6,3332;5,2470;5,2601
2017-02-24;IPCA;IDkA IPCA 5A;4.670,745275;0,0738;2,7278;4,1870;19,2014;4,2317;5,4183;5,4123
2017-03-01;IPCA;IDkA IPCA 10A;5.084,925391;0,3302;0,3302;7,4333;32,7139;6,3400;5,2600;5,2300
2017-03-01;IPCA;IDkA IPCA 20A;7.407,542714;0,3912;0,3912;13,2842;69,7305;9,1551;5,1298;5,1116
2017-03-01;IPCA;IDkA IPCA 30A;11.464,071800;0,4504;0,4504;19,4676;119,7163;12,9462;5,0855;5,0713
2017-03-01;PREFIXADO;IDkA Pré 3M;3.384,396077;0,0471;0,0471;2,0969;13,9092;0,0462;11,6730;11,6580
2017-03-01;IPCA;IDkA IPCA 5A;4.683,196168;0,2666;0,2666;4,4647;18,3900;4,2670;5,4122;5,3656
2017-03-01;IPCA;IDkA IPCA 15A;6.027,959106;0,3631;0,3631;10,3410;49,8438;7,5810;5,1741;5,1518
2017-03-01;PREFIXADO;IDkA Pré 1A;3.788,176645;0,0846;0,0846;2,8454;15,4198;0,5279;10,1179;10,0667
2017-03-01;IPCA;IDkA IPCA 2A;4.434,392688;0,1849;0,1849;2,6424;12,2628;1,3793;5,4224;5,3488
2017-03-01;PREFIXADO;IDkA Pré 5A;4.838,371209;0,3116;0,3116;7,6552;42,0573;4,7550;10,1913;10,1312
2017-03-01;IPCA;IDkA IPCA 3A;4.588,279516;0,2193;0,2193;3,2656;13,9489;2,3303;5,4200;5,3589
2017-03-01;PREFIXADO;IDkA Pré 2A;4.197,023486;0,1491;0,1491;3,9877;21,1489;1,5253;9,8826;9,8212
2017-03-01;PREFIXADO;IDkA Pré 3A;4.439,579601;0,2053;0,2053;5,1778;27,7525;2,4963;10,0113;9,9499
2017-03-02;IPCA;IDkA IPCA 3A;4.583,894266;-0,0956;0,1235;3,1669;13,6482;2,2469;5,3590;5,4085
2017-03-02;IPCA;IDkA IPCA 30A;11.361,593989;-0,8939;-0,4475;18,3997;110,4598;12,5123;5,0713;5,1043
2017-03-02;IPCA;IDkA IPCA 20A;7.353,669110;-0,7273;-0,3389;12,4604;66,0526;8,9165;5,1116;5,1523
2017-03-02;IPCA;IDkA IPCA 15A;5.989,072779;-0,6451;-0,2844;9,6292;47,8624;7,4569;5,1518;5,2003
2017-03-02;IPCA;IDkA IPCA 10A;5.056,610329;-0,5568;-0,2285;6,8351;31,6722;6,3263;5,2299;5,2934
2017-03-02;IPCA;IDkA IPCA 5A;4.667,246152;-0,3406;-0,0749;4,1089;17,7831;4,2867;5,3656;5,4471
2017-03-02;PREFIXADO;IDkA Pré 5A;4.812,827298;-0,5279;-0,2180;7,0869;40,1800;5,1063;10,1314;10,2566
2017-03-02;PREFIXADO;IDkA Pré 3A;4.431,873208;-0,1736;0,0314;4,9953;27,2659;2,5980;9,9504;10,0280
2017-03-02;PREFIXADO;IDkA Pré 2A;4.195,403776;-0,0386;0,1104;3,9475;21,0445;1,5556;9,8215;9,8632
2017-03-02;PREFIXADO;IDkA Pré 1A;3.788,887934;0,0188;0,1034;2,8648;15,4089;0,5439;10,0630;10,0843
2017-03-02;PREFIXADO;IDkA Pré 3M;3.385,885484;0,0440;0,0912;2,1418;13,8904;0,0482;11,6450;11,6437
2017-03-02;IPCA;IDkA IPCA 2A;4.436,055393;0,0375;0,2225;2,6809;12,1918;1,2745;5,3486;5,3526
2017-03-03;IPCA;IDkA IPCA 20A;7.371,073791;0,2367;-0,1030;12,7265;57,9216;8,9303;5,1523;5,1422
2017-03-03;PREFIXADO;IDkA Pré 1A;3.793,191227;0,1136;0,2171;2,9816;15,4627;0,5675;10,0806;9,9973
2017-03-03;PREFIXADO;IDkA Pré 2A;4.205,814091;0,2481;0,3588;4,2055;21,1108;1,6421;9,8637;9,7479
2017-03-03;IPCA;IDkA IPCA 2A;4.446,602620;0,2378;0,4608;2,9251;12,5717;1,3216;5,3527;5,2512
2017-03-03;PREFIXADO;IDkA Pré 5A;4.843,022836;0,6274;0,4080;7,7587;39,2012;5,3107;10,2569;10,1275
2017-03-03;PREFIXADO;IDkA Pré 3A;4.448,848878;0,3830;0,4146;5,3974;27,1490;2,7648;10,0286;9,9022
2017-03-03;PREFIXADO;IDkA Pré 3M;3.387,644189;0,0519;0,1431;2,1949;13,8851;0,0468;11,6311;11,5936
2017-03-03;IPCA;IDkA IPCA 15A;6.005,421353;0,2730;-0,0122;9,9285;42,9454;7,4466;5,2003;5,1843
2017-03-03;IPCA;IDkA IPCA 30A;11.380,243819;0,1641;-0,2841;18,5940;92,7254;12,4367;5,1043;5,1001
2017-03-03;IPCA;IDkA IPCA 5A;4.681,576364;0,3070;0,2319;4,4286;17,6472;4,1683;5,4471;5,3920
2017-03-03;IPCA;IDkA IPCA 3A;4.596,715273;0,2797;0,4035;3,4554;14,0582;2,2357;5,4088;5,3265
2017-03-03;IPCA;IDkA IPCA 10A;5.072,009130;0,3045;0,0754;7,1604;29,3635;6,2223;5,2933;5,2660
2017-03-06;PREFIXADO;IDkA Pré 3M;3.389,289431;0,0486;0,1918;2,2445;13,8856;0,0464;11,5804;11,5574
2017-03-06;PREFIXADO;IDkA Pré 2A;4.211,793246;0,1422;0,5015;4,3536;21,0933;1,6458;9,7483;9,6905
2017-03-06;PREFIXADO;IDkA Pré 3A;4.456,454244;0,1710;0,5862;5,5776;26,7266;2,7674;9,9028;9,8539
2017-03-06;PREFIXADO;IDkA Pré 5A;4.851,520375;0,1755;0,5842;7,9478;36,9068;5,3105;10,1278;10,0976
2017-03-06;IPCA;IDkA IPCA 2A;4.451,367645;0,1072;0,5684;3,0354;12,6994;1,3234;5,2514;5,2185
2017-03-06;IPCA;IDkA IPCA 3A;4.600,733240;0,0874;0,4913;3,5459;14,1731;2,2365;5,3268;5,3119
2017-03-06;IPCA;IDkA IPCA 10A;5.068,789796;-0,0635;0,0118;7,0924;27,6765;6,2817;5,2659;5,2773
2017-03-06;IPCA;IDkA IPCA 15A;6.007,234727;0,0302;0,0180;9,9617;39,5417;7,4247;5,1843;5,1853
2017-03-06;IPCA;IDkA IPCA 20A;7.380,793363;0,1319;0,0287;12,8752;52,4631;8,8011;5,1422;5,1376
2017-03-06;IPCA;IDkA IPCA 30A;11.419,112739;0,3415;0,0565;18,9991;81,9833;12,0859;5,1001;5,0897
2017-03-06;PREFIXADO;IDkA Pré 1A;3.796,185915;0,0789;0,2962;3,0629;15,4961;0,5664;9,9935;9,9481
2017-03-06;IPCA;IDkA IPCA 5A;4.680,786881;-0,0169;0,2150;4,4110;17,3718;4,2025;5,3920;5,4051
2018-05-15;IPCA;IDkA IPCA 3A;5.267,379366;-0,0745;-0,9209;3,7555;11,1315;1,8472;3,9373;3,9723
2018-05-15;PREFIXADO;IDkA Pré 3M;3.735,250261;0,0178;0,2267;2,3245;7,8962;0,1158;6,2585;6,2855
2018-05-15;IPCA;IDkA IPCA 30A;11.005,491054;0,9778;-2,5731;3,6173;-6,7981;13,2975;5,5834;5,5503
2018-05-15;IPCA;IDkA IPCA 15A;6.403,550292;0,2656;-1,8986;3,8045;3,5466;9,4435;5,4155;5,3991
2018-05-15;IPCA;IDkA IPCA 10A;5.585,141691;0,0303;-1,6752;3,8450;7,1324;6,6684;5,2474;5,2475
2018-05-15;IPCA;IDkA IPCA 5A;5.315,415626;-0,1252;-1,3613;3,9008;10,2410;3,7443;4,7178;4,7502
2018-05-15;PREFIXADO;IDkA Pré 3A;5.185,019170;0,0183;-1,0552;4,4819;12,8908;3,6254;8,7184;8,7238
2018-05-15;PREFIXADO;IDkA Pré 2A;4.883,077983;0,0899;-0,5357;3,9231;12,4919;1,9627;7,8315;7,7991
2018-05-15;PREFIXADO;IDkA Pré 1A;4.296,192563;0,0595;0,0224;2,9543;10,1623;0,5264;6,6320;6,5956
2018-05-15;IPCA;IDkA IPCA 20A;7.609,297245;0,5036;-2,1253;3,7394;0,0001;11,3897;5,4995;5,4747
2018-05-15;PREFIXADO;IDkA Pré 5A;5.574,302950;-0,2524;-1,7669;4,8302;11,6105;6,8643;9,6515;9,7150
2018-05-15;IPCA;IDkA IPCA 2A;5.074,646570;-0,0282;-0,4530;3,3895;10,9904;0,9611;3,1046;3,1311
2019-09-02;PREFIXADO;IDkA Pré 3A;6.257,368932;-0,1680;-0,1680;10,7327;22,2041;3,6572;6,4542;6,5228
2019-09-02;PREFIXADO;IDkA Pré 5A;7.177,846540;-0,2717;-0,2717;15,7579;35,9640;5,6847;7,0471;7,1112
2019-09-02;IPCA;IDkA IPCA 5A;6.469,977342;-0,2146;-0,2146;12,5424;22,1859;3,9790;3,0460;3,0940
2019-09-02;IPCA;IDkA IPCA 15A;9.156,443794;-0,4789;-0,4789;26,0927;46,5276;8,7051;3,6839;3,7185
2019-09-02;PREFIXADO;IDkA Pré 3M;4.053,397548;0,0192;0,0192;4,2226;6,4824;0,0811;5,5187;5,5280
2019-09-02;IPCA;IDkA IPCA 3A;6.156,861703;-0,1289;-0,1289;9,2788;16,4995;2,5180;2,6098;2,6595
2019-09-02;PREFIXADO;IDkA Pré 1A;4.775,134216;-0,0061;-0,0061;5,4953;9,7929;0,8153;5,3821;5,4106
2019-09-02;PREFIXADO;IDkA Pré 2A;5.667,651648;-0,0817;-0,0817;8,0572;15,8474;2,2844;5,9560;6,0116
2019-09-02;IPCA;IDkA IPCA 30A;19.538,327612;-0,7981;-0,7981;45,9418;87,7825;17,2117;3,9258;3,9543
2019-09-02;IPCA;IDkA IPCA 2A;5.782,885395;-0,0675;-0,0675;7,3482;12,5096;1,6996;2,2211;2,2632
2019-09-02;IPCA;IDkA IPCA 20A;11.699,679027;-0,5862;-0,5862;32,4735;59,2476;11,3581;3,8016;3,8332
2019-09-02;IPCA;IDkA IPCA 10A;7.402,656153;-0,3642;-0,3642;19,6488;34,3998;6,3944;3,4798;3,5196
2019-10-03;PREFIXADO;IDkA Pré 3A;6.407,951340;0,1798;0,2242;13,3974;22,0502;2,4106;5,9696;5,9142
2019-10-03;PREFIXADO;IDkA Pré 2A;5.772,736482;0,1466;0,1945;10,0607;16,0109;1,6134;5,4260;5,3597
2019-10-03;PREFIXADO;IDkA Pré 5A;7.408,803181;0,2183;0,2589;19,4826;33,9509;4,2913;6,6240;6,5829
2019-10-03;PREFIXADO;IDkA Pré 3M;4.076,166668;0,0240;0,0737;4,8081;6,3853;0,0636;5,0322;5,0128
2019-10-03;PREFIXADO;IDkA Pré 1A;4.827,365526;0,0810;0,1317;6,6492;9,8198;0,7314;4,8415;4,7760
2019-10-03;IPCA;IDkA IPCA 30A;21.076,050398;0,8058;0,6748;57,4278;100,0748;10,3290;3,7339;3,7067
2019-10-03;IPCA;IDkA IPCA 10A;7.688,001924;0,1457;0,0755;24,2609;39,0654;5,0102;3,1850;3,1714
2019-10-03;IPCA;IDkA IPCA 20A;12.377,485255;0,4547;0,3751;40,1482;67,1535;7,4426;3,5860;3,5633
2019-10-03;IPCA;IDkA IPCA 2A;5.883,821590;0,1023;0,0804;9,2219;12,4638;1,9775;1,5889;1,5408
2019-10-03;IPCA;IDkA IPCA 5A;6.654,912351;0,0920;0,0607;15,7592;24,6686;3,1269;2,6109;2,5944
2019-10-03;IPCA;IDkA IPCA 15A;9.595,675777;0,2878;0,2216;32,1413;52,6878;6,2293;3,4429;3,4241
2019-10-03;IPCA;IDkA IPCA 3A;6.297,024359;0,1064;0,1166;11,7666;17,1260;2,3116;2,0496;2,0166
2019-10-24;IPCA;IDkA IPCA 5A;6.768,888415;-0,0448;1,7744;17,7418;21,0193;3,6499;2,2695;2,2812
2019-10-24;PREFIXADO;IDkA Pré 3M;4.089,334999;0,0263;0,3970;5,1467;6,3024;0,0836;4,7918;4,7588
2019-10-24;IPCA;IDkA IPCA 2A;5.941,046414;0,0223;1,0537;10,2842;12,0572;1,4357;1,1105;1,1032
2019-10-24;IPCA;IDkA IPCA 30A;22.300,897646;-0,1421;6,5256;66,5768;82,2615;12,8822;3,5128;3,5183
2019-10-24;IPCA;IDkA IPCA 15A;9.858,964746;-0,1464;2,9716;35,7671;43,0593;6,3330;3,2404;3,2516
2019-10-24;IPCA;IDkA IPCA 10A;7.867,440926;-0,1209;2,4112;27,1611;32,3184;5,6114;2,9393;2,9533
2019-10-24;PREFIXADO;IDkA Pré 5A;7.592,272346;-0,1834;2,7417;22,4414;29,9524;5,2077;6,1107;6,1547
2019-10-24;PREFIXADO;IDkA Pré 3A;6.524,216122;-0,0294;2,0426;15,4549;20,2143;3,0105;5,4055;5,4232
2019-10-24;PREFIXADO;IDkA Pré 2A;5.846,822114;0,0263;1,4804;11,4732;15,0235;1,8107;4,8822;4,8783
2019-10-24;PREFIXADO;IDkA Pré 1A;4.857,425581;0,0441;0,7552;7,3133;9,3455;0,6216;4,4450;4,4169
2019-10-24;IPCA;IDkA IPCA 20A;12.779,475024;-0,1475;3,6350;44,6999;54,3896;7,2725;3,3995;3,4080
2019-10-24;IPCA;IDkA IPCA 3A;6.377,347772;0,0028;1,3936;13,1923;15,6868;2,1347;1,6334;1,6358
2019-10-31;IPCA;IDkA IPCA 5A;6.834,432741;-0,0490;2,7599;18,8819;21,4654;3,7624;2,0885;2,1009
2019-10-31;IPCA;IDkA IPCA 2A;5.951,456105;-0,2749;1,2308;10,4774;12,0570;1,8486;0,9022;1,0450
2019-10-31;IPCA;IDkA IPCA 20A;13.042,716892;0,5366;5,7698;47,6805;55,1407;7,3076;3,3342;3,3074
2019-10-31;IPCA;IDkA IPCA 15A;10.060,573481;0,4545;5,0772;38,5434;44,1850;6,4156;3,1489;3,1188
2019-10-31;IPCA;IDkA IPCA 10A;8.006,791167;0,2891;4,2252;29,4135;33,4190;5,6769;2,8102;2,7820
2019-10-31;IPCA;IDkA IPCA 3A;6.405,290854;-0,2342;1,8379;13,6882;15,7860;2,4536;1,4303;1,5128
2019-10-31;PREFIXADO;IDkA Pré 3A;6.543,130374;-0,1665;2,3385;15,7896;19,5850;3,1695;5,3017;5,3675
2019-10-31;PREFIXADO;IDkA Pré 2A;5.854,093565;-0,2045;1,6066;11,6118;14,5430;2,0673;4,7560;4,8732
2019-10-31;PREFIXADO;IDkA Pré 1A;4.860,728713;-0,1124;0,8237;7,3863;9,1052;0,8256;4,3020;4,4374
2019-10-31;PREFIXADO;IDkA Pré 3M;4.093,484707;0,0122;0,4989;5,2534;6,2688;0,0867;4,6613;4,6863
2019-10-31;IPCA;IDkA IPCA 30A;22.751,047058;0,6745;8,6758;69,9392;81,9229;12,7299;3,4749;3,4523
2019-10-31;PREFIXADO;IDkA Pré 5A;7.646,719506;0,0666;3,4785;23,3195;29,1658;5,2484;6,0423;6,0331
2019-11-05;IPCA;IDkA IPCA 10A;8.035,815127;-0,0373;0,3625;29,8826;33,0154;5,4770;2,7451;2,7504
2019-11-05;IPCA;IDkA IPCA 5A;6.832,582992;-0,0631;-0,0271;18,8497;21,0068;3,6669;2,1009;2,1162
2019-11-05;PREFIXADO;IDkA Pré 5A;7.649,439841;-0,1172;0,0356;23,3634;28,7856;5,2363;6,0133;6,0431
2019-11-05;PREFIXADO;IDkA Pré 3A;6.537,695631;-0,1136;-0,0831;15,6934;19,2935;3,2445;5,3765;5,4238
2019-11-05;PREFIXADO;IDkA Pré 2A;5.851,251085;-0,0592;-0,0486;11,5576;14,3430;2,1126;4,8936;4,9347
2019-11-05;IPCA;IDkA IPCA 15A;10.125,474442;-0,0340;0,6451;39,4372;44,3054;6,2040;3,0750;3,0784
2019-11-05;IPCA;IDkA IPCA 30A;22.883,016147;-0,2728;0,5801;70,9249;85,4307;12,4175;3,4241;3,4341
2019-11-05;IPCA;IDkA IPCA 2A;5.953,231272;-0,0112;0,0298;10,5104;12,0291;1,8404;1,0386;1,0481
2019-11-05;PREFIXADO;IDkA Pré 3M;4.096,144779;0,0214;0,0650;5,3218;6,2883;0,0878;4,6419;4,6273
2019-11-05;PREFIXADO;IDkA Pré 1A;4.862,698381;0,0126;0,0405;7,4298;9,0580;0,8190;4,4469;4,4518
2019-11-05;IPCA;IDkA IPCA 20A;13.142,898750;-0,0728;0,7681;48,8148;56,1719;7,0396;3,2662;3,2708
2019-11-05;IPCA;IDkA IPCA 3A;6.398,078723;-0,0604;-0,1126;13,5602;15,4646;2,4827;1,5417;1,5654
2019-11-06;PREFIXADO;IDkA Pré 3A;6.522,370189;-0,2344;-0,3173;15,4222;19,0853;3,4310;5,4254;5,5154
2019-11-06;IPCA;IDkA IPCA 5A;6.817,430471;-0,2218;-0,2488;18,5862;20,7736;3,8609;2,1170;2,1648
2019-11-06;IPCA;IDkA IPCA 3A;6.396,356048;-0,0269;-0,1395;13,5296;15,4840;2,5070;1,5670;1,5794
2019-11-06;IPCA;IDkA IPCA 2A;5.957,709218;0,0752;0,1051;10,5935;12,1708;1,8387;1,0507;1,0165
2019-11-06;PREFIXADO;IDkA Pré 5A;7.603,565878;-0,5997;-0,5643;22,6235;28,3417;5,8547;6,0440;6,1767
2019-11-06;PREFIXADO;IDkA Pré 2A;5.847,942107;-0,0566;-0,1051;11,4945;14,2810;2,1372;4,9369;4,9767
2019-11-06;IPCA;IDkA IPCA 15A;10.038,765329;-0,8563;-0,2168;38,2431;43,1103;7,2223;3,0786;3,1388
2019-11-06;PREFIXADO;IDkA Pré 3M;4.096,626115;0,0118;0,0767;5,3341;6,2739;0,0935;4,6231;4,6494
2019-11-06;IPCA;IDkA IPCA 10A;7.988,411456;-0,5899;-0,2296;29,1164;32,3151;6,1179;2,7508;2,8131
2019-11-06;IPCA;IDkA IPCA 20A;13.000,793442;-1,0812;-0,3214;47,2058;54,2793;8,3260;3,2709;3,3279
2019-11-06;IPCA;IDkA IPCA 30A;22.528,739590;-1,5482;-0,9771;68,2787;81,2810;13,8251;3,4341;3,4885
2019-11-06;PREFIXADO;IDkA Pré 1A;4.864,091092;0,0286;0,0692;7,4606;9,0762;0,8086;4,4530;4,4411
2020-01-17;IPCA;IDkA IPCA 10A;7.883,826160;0,1000;0,2930;0,2930;22,8974;6,7603;3,2113;3,2038
2020-01-17;IPCA;IDkA IPCA 5A;6.861,603616;0,1193;0,4862;0,4862;17,5184;3,7844;2,5452;2,5258
2020-01-17;IPCA;IDkA IPCA 30A;21.675,078235;1,0177;-1,0301;-1,0301;43,7591;18,5751;3,7407;3,7067
2020-01-17;IPCA;IDkA IPCA 20A;12.564,432551;0,4157;-1,3855;-1,3855;31,6462;12,0936;3,6541;3,6341
2020-01-17;IPCA;IDkA IPCA 2A;6.052,048386;0,1267;0,4670;0,4670;11,7771;1,4015;1,4141;1,3601
2020-01-17;IPCA;IDkA IPCA 3A;6.489,217878;0,1427;0,4792;0,4792;14,2876;2,2403;1,9244;1,8835
2020-01-17;PREFIXADO;IDkA Pré 2A;5.904,445859;0,0678;0,6088;0,6088;12,2322;1,6034;5,1478;5,1226
2020-01-17;PREFIXADO;IDkA Pré 3A;6.573,441915;0,0945;0,6955;0,6955;15,7477;2,7602;5,7462;5,7207
2020-01-17;PREFIXADO;IDkA Pré 1A;4.912,724368;0,0515;0,3754;0,3754;8,2128;0,5057;4,4600;4,4242
2020-01-17;PREFIXADO;IDkA Pré 3M;4.133,694351;0,0166;0,2138;0,2138;5,9662;0,0505;4,2962;4,2966
2020-01-17;IPCA;IDkA IPCA 15A;9.776,414214;0,2054;-0,5945;-0,5945;27,1887;9,3359;3,5061;3,4939
2020-01-17;PREFIXADO;IDkA Pré 5A;7.615,387728;0,2571;0,5420;0,5420;21,5378;4,8104;6,4980;6,4486
2020-01-20;IPCA;IDkA IPCA 3A;6.484,895941;-0,0666;0,4122;0,4122;14,1813;2,2819;1,8852;1,9154
2020-01-20;IPCA;IDkA IPCA 20A;12.486,623264;-0,6193;-1,9962;-1,9962;30,6398;12,1910;3,6341;3,6678
2020-01-20;IPCA;IDkA IPCA 10A;7.850,775198;-0,4192;-0,1275;-0,1275;22,3034;6,7497;3,2041;3,2503
2020-01-20;PREFIXADO;IDkA Pré 5A;7.615,024867;-0,0048;0,5372;0,5372;21,2225;4,7897;6,4496;6,4559
2020-01-20;IPCA;IDkA IPCA 15A;9.717,617118;-0,6014;-1,1924;-1,1924;26,2887;9,4258;3,4941;3,5377
2020-01-20;IPCA;IDkA IPCA 30A;21.626,295143;-0,2251;-1,2528;-1,2528;43,1096;18,5228;3,7067;3,7155
2020-01-20;IPCA;IDkA IPCA 5A;6.851,635737;-0,1453;0,3402;0,3402;17,3162;3,7776;2,5267;2,5616
2020-01-20;PREFIXADO;IDkA Pré 3A;6.574,726007;0,0195;0,7151;0,7151;15,6492;2,7123;5,7227;5,7236
2020-01-20;PREFIXADO;IDkA Pré 3M;4.134,557743;0,0209;0,2348;0,2348;5,9648;0,0517;4,2943;4,2765
2020-01-20;IPCA;IDkA IPCA 2A;6.048,906252;-0,0519;0,4148;0,4148;11,6778;1,4254;1,3625;1,3991
2020-01-20;PREFIXADO;IDkA Pré 2A;5.904,742564;0,0050;0,6139;0,6139;12,1425;1,5737;5,1253;5,1331
2020-01-20;PREFIXADO;IDkA Pré 1A;4.912,936237;0,0043;0,3797;0,3797;8,1559;0,5055;4,4266;4,4401
2020-01-21;PREFIXADO;IDkA Pré 1A;4.915,616674;0,0546;0,4345;0,4345;8,1998;0,4621;4,4425;4,4034
2020-01-21;PREFIXADO;IDkA Pré 3M;4.135,094313;0,0130;0,2478;0,2478;5,9504;0,0506;4,2746;4,2900
2020-01-21;IPCA;IDkA IPCA 5A;6.848,329614;-0,0483;0,2918;0,2918;17,2623;2,8899;2,5625;2,5775
2020-01-21;IPCA;IDkA IPCA 30A;21.638,875760;0,0582;-1,1954;-1,1954;43,0477;14,6621;3,7155;3,7145
2020-01-21;IPCA;IDkA IPCA 20A;12.485,674841;-0,0076;-2,0036;-2,0036;30,5589;10,0558;3,6679;3,6698
2020-01-21;IPCA;IDkA IPCA 3A;6.483,291931;-0,0247;0,3874;0,3874;14,1318;1,8685;1,9172;1,9332
2020-01-21;PREFIXADO;IDkA Pré 5A;7.635,100969;0,2636;0,8023;0,8023;21,3124;3,8725;6,4569;6,4061
2020-01-21;IPCA;IDkA IPCA 15A;9.712,652335;-0,0511;-1,2428;-1,2428;26,1817;7,6957;3,5379;3,5434
2020-01-21;IPCA;IDkA IPCA 10A;7.844,876393;-0,0751;-0,2025;-0,2025;22,1983;5,2943;3,2507;3,2613
2020-01-21;IPCA;IDkA IPCA 2A;6.047,216359;-0,0279;0,3868;0,3868;11,6020;1,2830;1,4014;1,4259
2020-01-21;PREFIXADO;IDkA Pré 2A;5.912,525927;0,1318;0,7465;0,7465;12,2357;1,3413;5,1358;5,0769
2020-01-21;PREFIXADO;IDkA Pré 3A;6.587,671600;0,1969;0,9134;0,9134;15,7550;2,2140;5,7256;5,6640
2020-01-22;PREFIXADO;IDkA Pré 2A;5.920,625589;0,1370;0,8845;0,8845;12,1151;1,3440;5,0795;5,0178
2020-01-22;PREFIXADO;IDkA Pré 1A;4.919,174938;0,0724;0,5072;0,5072;8,1793;0,4825;4,4057;4,3478
2020-01-22;PREFIXADO;IDkA Pré 3A;6.599,454790;0,1789;1,0939;1,0939;15,5588;2,1712;5,6659;5,6106
2020-01-22;PREFIXADO;IDkA Pré 3M;4.135,966729;0,0211;0,2689;0,2689;5,9427;0,0486;4,2877;4,2689
2020-01-22;IPCA;IDkA IPCA 30A;21.785,269826;0,6765;-0,5269;-0,5269;44,1172;14,7600;3,7145;3,6922
2020-01-22;PREFIXADO;IDkA Pré 5A;7.653,390646;0,2395;1,0437;1,0437;21,1509;3,7759;6,4072;6,3615
2020-01-22;IPCA;IDkA IPCA 5A;6.870,285979;0,3206;0,6134;0,6134;17,4567;2,9058;2,5784;2,5178
2020-01-22;IPCA;IDkA IPCA 10A;7.887,254270;0,5402;0,3366;0,3366;22,7570;5,4705;3,2616;3,2088
2020-01-22;IPCA;IDkA IPCA 15A;9.782,368091;0,7178;-0,5340;-0,5340;27,0301;7,6993;3,5435;3,4961
2020-01-22;IPCA;IDkA IPCA 20A;12.585,324893;0,7981;-1,2215;-1,2215;31,5922;9,8171;3,6699;3,6302
2020-01-22;IPCA;IDkA IPCA 2A;6.059,223795;0,1986;0,5861;0,5861;11,6272;1,3623;1,4281;1,3377
2020-01-22;IPCA;IDkA IPCA 3A;6.499,344477;0,2476;0,6360;0,6360;14,1751;1,8699;1,9349;1,8584
2020-01-23;IPCA;IDkA IPCA 3A;6.501,467535;0,0327;0,6688;0,6688;14,0753;1,8137;1,8602;1,8566
2020-01-23;IPCA;IDkA IPCA 30A;21.707,317187;-0,3578;-0,8829;-0,8829;42,9143;14,6625;3,6922;3,7056
2020-01-23;IPCA;IDkA IPCA 20A;12.565,909261;-0,1543;-1,3739;-1,3739;30,8967;9,6490;3,6303;3,6398
2020-01-23;IPCA;IDkA IPCA 10A;7.889,101517;0,0234;0,3601;0,3601;22,4510;5,3693;3,2091;3,2095
2020-01-23;IPCA;IDkA IPCA 5A;6.873,284467;0,0436;0,6573;0,6573;17,2828;2,8154;2,5187;2,5148
2020-01-23;IPCA;IDkA IPCA 15A;9.777,351505;-0,0513;-0,5850;-0,5850;26,5532;7,5580;3,4963;3,5018
2020-01-23;PREFIXADO;IDkA Pré 5A;7.650,878872;-0,0328;1,0106;1,0106;20,6748;3,7061;6,3626;6,3748
2020-01-23;PREFIXADO;IDkA Pré 2A;5.917,153496;-0,0586;0,8254;0,8254;11,9241;1,3959;5,0205;5,0616
2020-01-23;PREFIXADO;IDkA Pré 1A;4.918,381854;-0,0161;0,4910;0,4910;8,1033;0,5113;4,3500;4,3846
2020-01-23;PREFIXADO;IDkA Pré 3M;4.136,635876;0,0162;0,2852;0,2852;5,9320;0,0478;4,2663;4,2680
2020-01-23;IPCA;IDkA IPCA 2A;6.061,142480;0,0317;0,6180;0,6180;11,5580;1,3521;1,3399;1,3340
2020-01-23;PREFIXADO;IDkA Pré 3A;6.594,522454;-0,0747;1,0184;1,0184;15,2637;2,2015;5,6126;5,6466
2020-01-24;IPCA;IDkA IPCA 2A;6.062,227382;0,0179;0,6360;0,6360;11,5341;1,3551;1,3363;1,3343
2020-01-24;PREFIXADO;IDkA Pré 2A;5.918,875841;0,0291;0,8547;0,8547;11,9684;1,3939;5,0643;5,0593
2020-01-24;PREFIXADO;IDkA Pré 3A;6.598,411495;0,0590;1,0780;1,0780;15,4496;2,1954;5,6485;5,6354
2020-01-24;PREFIXADO;IDkA Pré 5A;7.660,883680;0,1308;1,1427;1,1427;21,3426;3,7006;6,3759;6,3533
2020-01-24;IPCA;IDkA IPCA 3A;6.501,494103;0,0004;0,6693;0,6693;14,0883;1,8255;1,8584;1,8637
2020-01-24;IPCA;IDkA IPCA 15A;9.813,606223;0,3708;-0,2164;-0,2164;27,4215;7,6281;3,5020;3,4780
2020-01-24;IPCA;IDkA IPCA 10A;7.908,375312;0,2443;0,6053;0,6053;22,9994;5,3941;3,2098;3,1868
2020-01-24;IPCA;IDkA IPCA 30A;21.679,707270;-0,1272;-1,0089;-1,0089;43,6505;14,6902;3,7056;3,7108
2020-01-24;IPCA;IDkA IPCA 5A;6.876,100911;0,0410;0,6985;0,6985;17,4315;2,8178;2,5157;2,5111
2020-01-24;PREFIXADO;IDkA Pré 3M;4.137,585268;0,0230;0,3082;0,3082;5,9355;0,0515;4,2657;4,2387
2020-01-24;PREFIXADO;IDkA Pré 1A;4.919,679919;0,0264;0,5175;0,5175;8,1156;0,5094;4,3869;4,3771
2020-01-24;IPCA;IDkA IPCA 20A;12.608,863706;0,3418;-1,0368;-1,0368;31,9006;9,6980;3,6398;3,6233
2020-03-05;PREFIXADO;IDkA Pré 2A;6.010,986704;-0,3850;0,4340;2,4242;12,7849;2,8027;4,3741;4,5849
2020-03-05;PREFIXADO;IDkA Pré 3M;4.158,325337;0,0149;0,1193;0,8110;5,7959;0,1232;3,9188;3,9202
2020-03-05;IPCA;IDkA IPCA 5A;7.011,554904;-0,5808;0,7345;2,6822;18,1650;4,9604;2,1048;2,2273
2020-03-05;IPCA;IDkA IPCA 30A;21.180,029187;-2,2042;-0,2835;-3,2905;34,5575;19,5561;3,7340;3,8119
2020-03-05;IPCA;IDkA IPCA 20A;12.533,167866;-1,4848;-0,1781;-1,6309;27,1622;12,4294;3,6085;3,6872
2020-03-05;IPCA;IDkA IPCA 15A;9.879,632215;-1,2436;0,0562;0,4550;25,1280;9,8593;3,3881;3,4759
2020-03-05;PREFIXADO;IDkA Pré 1A;4.964,095755;-0,1139;0,2491;1,4250;8,3858;0,9599;3,8261;3,9605
2020-03-05;IPCA;IDkA IPCA 10A;8.048,425338;-0,9930;0,3936;2,3869;22,8053;7,7181;2,9655;3,0704
2020-03-05;IPCA;IDkA IPCA 3A;6.603,285551;-0,3146;0,7680;2,2454;14,6539;3,3670;1,4006;1,5120
2020-03-05;IPCA;IDkA IPCA 2A;6.135,637831;-0,1544;0,6225;1,8546;11,8492;2,2897;0,8746;0,9587
2020-03-05;PREFIXADO;IDkA Pré 5A;7.795,726684;-0,9202;0,7074;2,9229;22,2490;7,3356;5,9462;6,1473
2020-03-05;PREFIXADO;IDkA Pré 3A;6.723,090709;-0,6197;0,5987;2,9879;16,5229;4,5660;5,0047;5,2296
2020-09-18;IPCA;IDkA IPCA 2A;6.363,596597;-0,3803;0,2364;5,6388;8,8797;2,2868;-0,2375;-0,0414
2020-09-18;PREFIXADO;IDkA Pré 1A;5.127,908713;-0,1175;0,0335;4,7719;6,7920;0,7702;2,5595;2,6910
2020-09-18;PREFIXADO;IDkA Pré 2A;6.265,364650;-0,4118;-0,3813;6,7587;9,4719;2,5907;3,9649;4,1881
2020-09-18;PREFIXADO;IDkA Pré 3A;6.972,883736;-0,7344;-0,8885;6,8143;9,9500;4,7998;5,1426;5,4086
2020-09-18;PREFIXADO;IDkA Pré 5A;7.911,836367;-1,2602;-1,7245;4,4559;8,1263;9,0331;6,5516;6,8278
2020-09-18;IPCA;IDkA IPCA 20A;11.171,083010;-2,9354;-4,8453;-12,3215;-7,3758;14,1328;4,2909;4,4479
2020-09-18;IPCA;IDkA IPCA 3A;6.840,763693;-0,6344;-0,1348;5,9225;9,6535;3,4130;0,8482;1,0678
2020-09-18;IPCA;IDkA IPCA 5A;7.170,195078;-1,0684;-0,7759;5,0054;9,0535;5,3212;2,1079;2,3318
2020-09-18;IPCA;IDkA IPCA 10A;7.840,678347;-1,7856;-2,4988;-0,2559;3,8328;8,5160;3,4699;3,6592
2020-09-18;IPCA;IDkA IPCA 15A;9.204,424168;-2,3685;-3,7681;-6,4105;-1,9027;11,2585;4,0133;4,1816
2020-09-18;IPCA;IDkA IPCA 30A;16.834,858927;-4,0594;-6,8954;-23,1309;-17,4886;20,3729;4,5690;4,7146
2020-09-18;PREFIXADO;IDkA Pré 3M;4.230,804361;-0,0003;0,1092;2,5681;4,0540;0,0892;1,9667;1,9998
2020-09-21;IPCA;IDkA IPCA 30A;16.834,633599;-0,0013;-6,8966;-23,1319;-19,4935;19,7674;4,7147;4,7158
2020-09-21;IPCA;IDkA IPCA 20A;11.172,201854;0,0100;-4,8358;-12,3127;-8,9097;13,7863;4,4480;4,4490
2020-09-21;PREFIXADO;IDkA Pré 3M;4.231,486971;0,0161;0,1254;2,5846;4,0132;0,0935;2,0000;1,9657
2020-09-21;PREFIXADO;IDkA Pré 2A;6.259,704982;-0,0903;-0,4713;6,6623;8,8390;2,5957;4,1937;4,2494
2020-09-21;PREFIXADO;IDkA Pré 3A;6.962,660264;-0,1466;-1,0338;6,6577;9,1275;4,7794;5,4126;5,4716
2020-09-21;PREFIXADO;IDkA Pré 5A;7.901,154600;-0,1350;-1,8572;4,3148;7,2332;8,9575;6,8297;6,8642
2020-09-21;IPCA;IDkA IPCA 3A;6.810,284781;-0,4455;-0,5797;5,4506;8,3242;3,7154;1,0713;1,2275
2020-09-21;IPCA;IDkA IPCA 5A;7.139,300209;-0,4309;-1,2034;4,5530;7,6723;5,4551;2,3336;2,4264
2020-09-21;IPCA;IDkA IPCA 10A;7.833,659601;-0,0895;-2,5861;-0,3452;2,7073;8,3951;3,6598;3,6718
2020-09-21;IPCA;IDkA IPCA 15A;9.204,762621;0,0037;-3,7646;-6,4070;-3,1763;11,0364;4,1818;4,1835
2020-09-21;PREFIXADO;IDkA Pré 1A;5.127,942925;0,0007;0,0342;4,7726;6,5220;0,7684;2,6967;2,7069
2020-09-21;IPCA;IDkA IPCA 2A;6.344,047317;-0,3072;-0,0716;5,3143;7,8429;2,5329;-0,0361;0,1240
2020-09-22;IPCA;IDkA IPCA 5A;7.170,718312;0,4401;-0,7686;5,0131;8,1461;5,7090;2,4281;2,3425
2020-09-22;IPCA;IDkA IPCA 20A;11.370,418523;1,7742;-3,1474;-10,7570;-7,2935;15,5560;4,4491;4,3588
2020-09-22;IPCA;IDkA IPCA 15A;9.309,605326;1,1390;-2,6685;-5,3410;-2,0734;11,9639;4,1838;4,1071
2020-09-22;IPCA;IDkA IPCA 30A;17.354,662868;3,0890;-4,0206;-20,7574;-17,0066;23,3910;4,7159;4,6108
2020-09-22;IPCA;IDkA IPCA 10A;7.881,492025;0,6106;-1,9913;0,2633;3,3345;8,7320;3,6724;3,6120
2020-09-22;IPCA;IDkA IPCA 3A;6.832,150437;0,3211;-0,2605;5,7891;8,6720;3,9061;1,2310;1,1284
2020-09-22;PREFIXADO;IDkA Pré 2A;6.272,094919;0,1979;-0,2743;6,8734;9,0544;2,7008;4,2551;4,1605
2020-09-22;PREFIXADO;IDkA Pré 5A;7.940,177322;0,4939;-1,3725;4,8300;7,7628;9,1175;6,8661;6,7664
2020-09-22;PREFIXADO;IDkA Pré 3A;6.982,602390;0,2864;-0,7503;6,9632;9,4401;4,8896;5,4756;5,3824
2020-09-22;PREFIXADO;IDkA Pré 1A;5.132,479277;0,0885;0,1227;4,8653;6,6163;0,8233;2,7129;2,6327
2020-09-22;PREFIXADO;IDkA Pré 3M;4.231,795524;0,0073;0,1327;2,5921;4,0208;0,0929;1,9660;1,9678
2020-09-22;IPCA;IDkA IPCA 2A;6.357,475921;0,2117;0,1399;5,5372;8,0712;2,6302;0,1294;0,0296
2020-09-23;IPCA;IDkA IPCA 30A;16.972,613866;-2,2014;-6,1335;-22,5019;-18,7742;24,0357;4,6108;4,6895
2020-09-23;IPCA;IDkA IPCA 20A;11.204,823018;-1,4564;-4,5579;-12,0567;-8,4933;15,9581;4,3589;4,4370
2020-09-23;PREFIXADO;IDkA Pré 3M;4.231,917469;0,0029;0,1355;2,5951;4,0041;0,0907;1,9673;1,9874
2020-09-23;PREFIXADO;IDkA Pré 1A;5.131,371425;-0,0216;0,1010;4,8427;6,6088;0,8008;2,6385;2,6714
2020-09-23;PREFIXADO;IDkA Pré 2A;6.262,833998;-0,1477;-0,4215;6,7156;8,9736;2,6704;4,1662;4,2518
2020-09-23;PREFIXADO;IDkA Pré 3A;6.959,730969;-0,3275;-1,0754;6,6128;9,2178;4,9022;5,3864;5,5092
2020-09-23;IPCA;IDkA IPCA 3A;6.820,146740;-0,1757;-0,4358;5,6033;8,5787;3,9454;1,1318;1,1967
2020-09-23;IPCA;IDkA IPCA 5A;7.147,841966;-0,3190;-1,0852;4,6781;7,9906;5,7576;2,3442;2,4140
2020-09-23;IPCA;IDkA IPCA 10A;7.826,195162;-0,7016;-2,6789;-0,4401;2,8512;8,8739;3,6126;3,6883
2020-09-23;IPCA;IDkA IPCA 15A;9.209,125290;-1,0793;-3,7190;-6,3627;-2,9304;12,2344;4,1074;4,1847
2020-09-23;IPCA;IDkA IPCA 2A;6.351,306720;-0,0970;0,0428;5,4348;8,0094;2,6336;0,0351;0,0898
2020-09-23;PREFIXADO;IDkA Pré 5A;7.887,981739;-0,6574;-2,0208;4,1409;7,2770;9,2114;6,7682;6,9148
2020-09-24;IPCA;IDkA IPCA 10A;7.920,964473;1,2109;-1,5004;0,7654;4,4053;10,0636;3,6888;3,5750
2020-09-24;PREFIXADO;IDkA Pré 1A;5.138,169803;0,1325;0,2337;4,9816;6,7362;0,9170;2,6774;2,5518
2020-09-24;IPCA;IDkA IPCA 20A;11.467,762077;2,3467;-2,3182;-9,9929;-5,9634;18,4887;4,4371;4,3217
2020-09-24;IPCA;IDkA IPCA 15A;9.372,749984;1,7768;-2,0083;-4,6989;-0,8525;14,1143;4,1850;4,0702
2020-09-24;PREFIXADO;IDkA Pré 3M;4.232,136597;0,0052;0,1407;2,6004;3,9904;0,0908;1,9869;1,9978
2020-09-24;IPCA;IDkA IPCA 5A;7.193,131179;0,6336;-0,4585;5,3413;8,8704;6,2385;2,4157;2,3070
2020-09-24;IPCA;IDkA IPCA 2A;6.364,217872;0,2033;0,2461;5,6492;8,2836;2,7126;0,0953;0,0396
2020-09-24;IPCA;IDkA IPCA 3A;6.844,961804;0,3638;-0,0735;5,9875;9,0781;4,1638;1,2001;1,1100
2020-09-24;PREFIXADO;IDkA Pré 5A;7.969,376103;1,0319;-1,0098;5,2155;8,5831;10,0391;6,9166;6,7028
2020-09-24;PREFIXADO;IDkA Pré 3A;7.003,426003;0,6278;-0,4543;7,2822;9,9674;5,4588;5,5133;5,3006
2020-09-24;PREFIXADO;IDkA Pré 2A;6.287,091840;0,3873;-0,0358;7,1289;9,4104;3,0315;4,2577;4,0646
2020-09-24;IPCA;IDkA IPCA 30A;17.566,307989;3,4980;-2,8501;-19,7910;-15,5057;27,7958;4,6896;4,5735
2020-09-25;PREFIXADO;IDkA Pré 1A;5.138,115822;-0,0011;0,2326;4,9805;6,7001;0,9024;2,5573;2,5687
2020-09-25;PREFIXADO;IDkA Pré 2A;6.287,110513;0,0003;-0,0355;7,1292;9,3282;2,9263;4,0703;4,0784
2020-09-25;PREFIXADO;IDkA Pré 3A;7.003,029425;-0,0057;-0,4600;7,2761;9,8188;5,1908;5,3047;5,3139
2020-09-25;PREFIXADO;IDkA Pré 5A;7.967,734647;-0,0206;-1,0302;5,1939;8,2454;9,4485;6,7046;6,7145
2020-09-25;IPCA;IDkA IPCA 2A;6.361,585101;-0,0414;0,2047;5,6055;8,2450;2,7115;0,0449;0,0774
2020-09-25;IPCA;IDkA IPCA 5A;7.192,401177;-0,0101;-0,4686;5,3306;8,5422;6,0485;2,3087;2,3174
2020-09-25;IPCA;IDkA IPCA 10A;7.900,626363;-0,2568;-1,7533;0,5067;3,4508;9,8803;3,5756;3,6061
2020-09-25;IPCA;IDkA IPCA 15A;9.336,514664;-0,3866;-2,3871;-5,0674;-2,0108;13,6848;4,0704;4,1000
2020-09-25;PREFIXADO;IDkA Pré 3M;4.232,205208;0,0016;0,1424;2,6021;3,9722;0,0814;1,9963;2,0221
2020-09-25;IPCA;IDkA IPCA 20A;11.411,615479;-0,4896;-2,7965;-10,4336;-7,2002;17,6735;4,3219;4,3496
2020-09-25;IPCA;IDkA IPCA 3A;6.846,490918;0,0223;-0,0512;6,0112;9,0145;4,0718;1,1134;1,1152
2020-09-25;IPCA;IDkA IPCA 30A;17.443,958700;-0,6965;-3,5268;-20,3497;-16,8348;26,1328;4,5736;4,5994
